split,n_enhancers,pearson_mean,pearson_median,gt_0.4,gt_0.5,gt_0.6
validation,15,0.2859262416548113,0.2496740679148046,2,2,0
test,15,0.17537835473947683,0.18103862663734183,1,0,0
