split,n_enhancers,pearson_mean,pearson_median,gt_0.4,gt_0.5,gt_0.6
validation,3000,0.20291683174938266,0.20832733543192883,157,27,3
test,3000,0.26867482005522386,0.2803136395069446,654,150,9
