split,n_enhancers,pearson_mean,pearson_median,gt_0.4,gt_0.5,gt_0.6
validation,3000,0.25762312117788233,0.2729968071803448,578,106,7
test,3000,0.16307847096918127,0.17285086962381835,106,15,0
