split,n_enhancers,pearson_mean,pearson_median,gt_0.4,gt_0.5,gt_0.6
validation,5,0.3423116346857671,0.413584314211602,3,0,0
test,5,0.2872324141855063,0.3355062129632067,1,0,0
