split,n_enhancers,pearson_mean,pearson_median,gt_0.4,gt_0.5,gt_0.6
validation,3000,0.20316090440026194,0.20661944724109263,321,76,13
test,3000,0.19705298687605746,0.2051279239503983,318,82,8
