split,n_enhancers,pearson_mean,pearson_median,gt_0.4,gt_0.5,gt_0.6
validation,3000,0.2431978690848823,0.25242030635684776,461,102,12
test,3000,0.19812090453264808,0.2032087334286864,299,83,7
