split,n_enhancers,pearson_mean,pearson_median,gt_0.4,gt_0.5,gt_0.6
validation,3000,0.22282274730700752,0.23312539479353706,281,37,3
test,3000,0.26545443267845814,0.27756864232348466,558,106,7
