split,n_enhancers,pearson_mean,pearson_median,gt_0.4,gt_0.5,gt_0.6
validation,3000,0.24281657824727385,0.25099465351997174,472,112,12
test,3000,0.193572299789598,0.2060493488009638,299,72,6
