cancer,topN,model,mode,k,n_enhancers,pearson_mean,pearson_median,gt_0.4,gt_0.5,gt_0.6
SKCM,1000,Mean-MLP,pca,5,1000,0.253492,0.254402,181,55,11
LUAD,1000,Mean-MLP,pca,10,1000,0.3164052891327564,0.3287339088589605,304,99,8
BRCA,1000,Mean-MLP,pca,20,1000,0.2412658631187178,0.2479143526501592,183,65,8
