cancer,option,n,mean,median,q1,q3,gt_0p4
BRCA,Independent,361,0.19317791887088223,0.202823670178638,0.0755210034052127,0.3329734870724045,47
BRCA,Joint Dual-Head,361,0.20444815084402068,0.2004760792223361,0.0883901649697728,0.3250518802611735,34
BRCA,Joint Single-Head,361,0.20274029237837096,0.2225413876625588,0.0814445078490297,0.317756245750418,44
LUAD,Independent,361,0.30100880956491466,0.3070371308298807,0.2157994883653543,0.4077912322083128,97
LUAD,Joint Dual-Head,361,0.30952362824867036,0.3249010725920608,0.2109279099417232,0.429402272234416,119
LUAD,Joint Single-Head,361,0.31008049559543754,0.3210111938468643,0.2189402082073408,0.4176690045620283,104
SKCM,Independent,361,0.2499798095121005,0.2517769628688533,0.1585152051154376,0.348932530815845,51
SKCM,Joint Dual-Head,361,0.2032529563373451,0.2015790125230704,0.1215417353446672,0.2968554448029482,29
SKCM,Joint Single-Head,361,0.22270941172677317,0.2337916308637981,0.1177782577793529,0.3267605447416836,46
