split,n_enhancers,pearson_mean,pearson_median,gt_0.4,gt_0.5,gt_0.6
validation,3000,0.2180013861981287,0.2291681211781569,396,67,3
test,3000,0.17792640689783795,0.1837919910625001,230,58,5
