split,n_enhancers,pearson_mean,pearson_median,gt_0.4,gt_0.5,gt_0.6
validation,3000,0.23670061174183718,0.25356723031002204,400,43,0
test,3000,0.23928301083277018,0.2544115648386922,528,128,11
