split,n_enhancers,pearson_mean,pearson_median,gt_0.4,gt_0.5,gt_0.6
validation,3000,0.2345637482659009,0.24094085203543386,438,96,11
test,3000,0.19762302930059247,0.2050077967140033,288,74,5
