split,n_enhancers,pearson_mean,pearson_median,gt_0.4,gt_0.5,gt_0.6
validation,3000,0.257573171791223,0.26725404655907004,548,122,12
test,3000,0.20736662683066956,0.2202391791734155,333,76,6
