split,n_enhancers,pearson_mean,pearson_median,gt_0.4,gt_0.5,gt_0.6
validation,3000,0.2534957906571491,0.2686382530663791,525,90,1
test,3000,0.15456718733964545,0.16444787286167895,71,4,0
