split,n_enhancers,pearson_mean,pearson_median,gt_0.4,gt_0.5,gt_0.6
validation,10,0.262485207816816,0.2334120340587689,3,0,0
test,10,0.22925318633489292,0.15991581927015103,2,1,0
