split,n_enhancers,pearson_mean,pearson_median,gt_0.4,gt_0.5,gt_0.6
validation,15,0.2865705320806366,0.33395941069840945,6,2,0
test,15,0.3304483920096988,0.31945785435604684,3,3,1
