split,n_enhancers,pearson_mean,pearson_median,gt_0.4,gt_0.5,gt_0.6
validation,8,0.37175287161979914,0.4189357936111926,5,2,0
test,8,0.32829827472508033,0.3122450959514095,1,1,0
