split,n_enhancers,pearson_mean,pearson_median,gt_0.4,gt_0.5,gt_0.6
validation,3000,0.2561723989608249,0.27112148042602774,619,151,8
test,3000,0.14557446825335962,0.15415484898113457,68,6,0
