split,n_enhancers,pearson_mean,pearson_median,gt_0.4,gt_0.5,gt_0.6
validation,3000,0.2188498891083732,0.22741211142702117,229,29,3
test,3000,0.27471392107491194,0.2881109593079423,665,141,13
