split,n_enhancers,pearson_mean,pearson_median,gt_0.4,gt_0.5,gt_0.6
validation,3000,0.22281952845996306,0.23247066947223716,275,37,3
test,3000,0.25772251818998365,0.2692155826328252,558,108,8
