split,n_enhancers,pearson_mean,pearson_median,gt_0.4,gt_0.5,gt_0.6
validation,10,0.39177265482188367,0.3925276157780248,5,4,0
test,10,0.2783819189795469,0.23877454228339454,1,1,0
