split,n_enhancers,pearson_mean,pearson_median,gt_0.4,gt_0.5,gt_0.6
validation,5,0.4020139000065831,0.4241005734480568,3,1,0
test,5,0.3568642431243879,0.3164734307259174,1,1,0
