split,n_enhancers,pearson_mean,pearson_median,gt_0.4,gt_0.5,gt_0.6
validation,15,0.3104590287185213,0.30927661269569073,4,1,1
test,15,0.3577217679505551,0.40628449642181064,8,4,1
