split,n_enhancers,pearson_mean,pearson_median,gt_0.4,gt_0.5,gt_0.6
validation,3000,0.24331948328859995,0.2546435016641427,491,113,7
test,3000,0.14490401861439262,0.15367803406414254,33,2,0
