split,n_enhancers,pearson_mean,pearson_median,gt_0.4,gt_0.5,gt_0.6
validation,3000,0.25549264409591127,0.27054881305708645,559,113,6
test,3000,0.14981681172055233,0.16137948360894225,44,3,0
